t,return,conditional_vol_annual
0,0.00209851,0.111745
1,0.0048928,0.0955195
2,0.00249744,0.0954232
3,0.00407339,0.089458
4,-0.000199289,0.090732
5,0.019357,0.0862278
6,0.00497902,0.180461
7,-0.00761509,0.13284
8,0.00095347,0.124575
9,0.00929067,0.100265
10,-0.00689153,0.116588
11,0.000689966,0.115103
12,-0.00782605,0.096016
13,0.000222981,0.112767
14,-0.00427101,0.0950218
15,0.00114507,0.0965223
16,0.000815279,0.0884473
17,-0.0128848,0.0852026
18,-0.0054069,0.140946
19,-0.00775403,0.118773
20,0.00524759,0.120002
21,0.00576742,0.106056
22,-0.000320269,0.102369
23,0.0179894,0.0908945
24,-0.00107556,0.171195
25,0.00324928,0.123316
26,-0.00593003,0.102309
27,0.00407086,0.105672
28,0.00582789,0.0968312
29,-0.0114263,0.0992358
30,-0.0117317,0.134764
31,-0.0130726,0.147305
32,-0.003695,0.159547
33,0.00201841,0.122038
34,0.00332338,0.099886
35,-0.00808456,0.0927549
36,-0.00864415,0.113165
37,0.0049389,0.122628
38,-0.000778165,0.106186
39,0.00282318,0.0928366
40,0.0140784,0.0890353
41,-0.00387506,0.143141
42,1.34285e-05,0.114918
43,-0.00105205,0.0960092
44,-0.00112071,0.0890456
45,0.00726914,0.0864766
46,-0.0128374,0.102024
47,0.00881893,0.144621
48,0.00197765,0.130181
49,0.00621676,0.103498
50,-0.0101894,0.103144
51,0.0125108,0.128242
52,-0.00105327,0.143881
53,-0.00192276,0.109939
54,-0.00167207,0.0959952
55,0.00188591,0.0899623
56,0.000614502,0.0865332
57,-0.0036792,0.0844511
58,-0.000737468,0.0908344
59,-0.00426116,0.0866972
60,0.0040733,0.0936067
61,0.0100914,0.0922344
62,-0.00218049,0.118688
63,-0.00309278,0.100166
64,0.00341217,0.094737
65,-0.000226189,0.090979
66,0.00541537,0.0863379
67,-0.00127159,0.0940713
68,-0.000278385,0.0885886
69,0.000742167,0.0854661
70,0.0132393,0.0840764
71,-0.00953678,0.136374
72,0.00501618,0.135497
73,0.00308146,0.111926
74,0.0101215,0.0971237
75,-0.00272543,0.120263
76,0.000363795,0.101979
77,0.00356622,0.0904783
78,-0.000297754,0.0897641
79,0.0013587,0.0859216
80,-0.00151413,0.0845332
81,-0.00508969,0.0854219
82,0.00529689,0.0964172
83,-0.00434707,0.097128
84,0.000598044,0.0975469
85,-0.00132658,0.0886885
86,-0.00419936,0.086637
87,-0.00987633,0.0933628
88,0.00635463,0.123605
89,-0.00394224,0.111382
90,-0.00483069,0.101599
91,-0.014929,0.100941
92,0.00171754,0.15856
93,0.000375284,0.116739
94,0.00345164,0.0967201
95,-0.00026714,0.0918215
96,0.00559502,0.0866853
97,0.00026565,0.094868
98,0.0139008,0.0876482
99,-0.000314374,0.141625
100,0.0043924,0.108298
101,-0.00466758,0.0987499
102,-0.00110142,0.0992976
103,-0.000879423,0.0904033
104,-0.00034148,0.0866872
105,0.00890558,0.0848003
106,-0.00681921,0.109921
107,-0.00437457,0.112366
108,-0.00301948,0.103393
109,0.000145263,0.0957894
110,-0.00814009,0.0880388
111,0.00744002,0.112099
112,0.00383757,0.111438
113,0.0149194,0.0985599
114,0.00217611,0.151068
115,-0.00120404,0.113505
116,-0.00737246,0.0963921
117,0.00286701,0.11053
118,0.00283284,0.0961488
119,-0.00285889,0.0903166
120,-0.000169165,0.0904415
121,-0.00757777,0.0861002
122,0.000655523,0.108496
123,0.00685717,0.0931847
124,-0.00550817,0.102264
125,0.000771974,0.103864
126,0.00431955,0.0912739
127,0.00171746,0.0920946
128,-0.00427298,0.0871612
129,0.00123949,0.0938056
130,0.0101966,0.0874365
131,0.00314438,0.117983
132,-0.00373823,0.0998029
133,-0.00204262,0.0964903
134,-0.000621334,0.0908441
135,0.00203089,0.086588
136,-0.000116299,0.0854555
137,0.0185921,0.0842076
138,0.0061087,0.174409
139,-0.00167837,0.132985
140,0.00169099,0.105647
141,0.00012608,0.0925344
142,0.00259372,0.0867752
143,-0.00220296,0.0863745
144,0.000289785,0.0874251
145,0.00483873,0.0847956
146,-0.00814498,0.0914975
147,0.00407448,0.113124
148,-0.00109586,0.0998418
149,0.00332164,0.090613
150,-0.0047089,0.0892373
151,0.00902054,0.0961423
152,-0.00377169,0.113863
153,-0.018384,0.10207
154,0.00352303,0.183597
155,0.00370111,0.131444
156,0.0023838,0.106814
157,0.016081,0.093835
158,0.00260132,0.158072
159,-0.000547075,0.117398
160,0.00477689,0.0974047
161,0.00750987,0.0957356
162,0.000884176,0.106099
163,-0.000356011,0.0922285
164,-0.0028158,0.0869008
165,0.00626022,0.0891065
166,0.00504097,0.0983412
167,0.0121256,0.0969453
168,0.00484761,0.132283
169,0.00326262,0.110041
170,0.00623241,0.0966999
171,-0.00223159,0.100791
172,0.00155549,0.0929035
173,0.00209794,0.0873204
174,-0.000840962,0.0858125
175,-0.00218286,0.0849373
176,0.000463106,0.0868693
177,-0.000914475,0.0845707
178,-0.00550436,0.0845708
179,-0.00372239,0.0979176
180,-0.00259361,0.0957385
181,-0.00765152,0.0917737
182,-0.00865112,0.110555
183,0.00584855,0.121801
184,0.00536769,0.108811
185,-0.00152382,0.101998
186,-0.00373449,0.0920814
187,0.0018205,0.0936577
188,0.00463334,0.0878689
189,-0.00482732,0.0918656
190,-0.00205178,0.0974931
191,-0.00985581,0.0912491
192,0.00827469,0.122909
193,-0.00632509,0.119236
194,-0.00206005,0.113573
195,-0.000577037,0.0977649
196,0.00601215,0.0892359
197,0.00168327,0.097361
198,0.0081809,0.0891761
199,-0.00421556,0.107348
200,0.00531494,0.100906
201,-0.00408966,0.0988275
202,-0.00273173,0.0972737
203,-0.00555925,0.0926939
204,-0.00190899,0.100779
205,0.000330626,0.0922584
206,-0.00559918,0.0866232
207,0.0061256,0.0989806
208,0.00855452,0.101161
209,-0.00454838,0.113006
210,-0.00126854,0.104239
211,-0.00657557,0.0926124
212,0.00657557,0.105385
213,0.00363041,0.105282
214,0.00359314,0.0955781
215,-0.00850587,0.0917222
216,-0.00221436,0.115186
217,0.00276413,0.0987409
218,-0.00457839,0.0911994
219,0.000686884,0.0963092
220,0.00527069,0.0882079
221,-0.00383717,0.094166
222,-0.00167877,0.0947379
223,0.00400239,0.0894902
224,0.0120569,0.090545
225,0.000808319,0.130194
226,-0.00217302,0.102778
227,0.0112484,0.0935673
228,-0.0101613,0.125941
229,-0.0132095,0.135254
230,-0.020578,0.156492
231,0.00230747,0.21231
232,0.0173159,0.144818
233,-0.00268515,0.179596
234,0.00283209,0.129699
235,0.0051531,0.104402
236,0.00302823,0.0995843
237,0.00555809,0.0920247
238,0.0079744,0.0965325
239,-0.00432205,0.108601
240,0.00545948,0.101747
241,-0.0100542,0.0996483
242,0.00122012,0.126427
243,0.000555126,0.101212
244,0.00479061,0.0901602
245,0.00212318,0.0931763
246,-0.000191692,0.0880468
247,0.00426935,0.0852098
248,-0.000358076,0.0898149
249,-0.00152921,0.0859823
250,-0.00783807,0.0859692
251,-0.00348868,0.109859
252,-0.00337944,0.099633
253,-0.00733115,0.0953403
254,0.0108557,0.109989
255,-0.00786562,0.128366
256,-0.00147557,0.124062
257,0.00573167,0.101345
258,0.00388754,0.100493
259,0.00064052,0.0943315
260,0.00379786,0.0874245
261,-0.00678601,0.0892553
262,0.0090458,0.105363
263,-0.0119214,0.116911
264,0.00360228,0.142853
265,0.00279276,0.111792
266,-0.00170373,0.0965469
267,0.0019573,0.0902307
268,0.00432375,0.0867182
269,-0.0101222,0.0904996
270,0.00480816,0.124327
271,0.00171421,0.106515
272,-0.00101372,0.0929155
273,-0.000229473,0.0878018
274,0.00277373,0.0851407
275,-0.0137019,0.0861113
276,0.00646213,0.146749
277,-0.000728094,0.121499
278,0.00194041,0.0993568
279,0.00471402,0.0902378
280,-0.00524731,0.092953
281,0.00962704,0.0995511
282,0.00670091,0.118205
283,-0.00320124,0.110599
284,-0.00480913,0.0991348
285,-0.00140757,0.0999684
286,-0.00578331,0.091093
287,0.00130697,0.101232
288,-0.00249429,0.0904264
289,0.00445131,0.089561
290,-0.00799752,0.0918836
291,-0.00732634,0.112436
292,-0.00608495,0.115663
293,0.00823961,0.111196
294,0.000855673,0.114829
295,-0.00144288,0.0959309
296,-0.000697677,0.0895619
297,-0.00318874,0.0861765
298,-0.00842537,0.0898967
299,0.00651954,0.114212
300,-0.012309,0.10834
301,0.000560535,0.142856
302,0.00508033,0.108666
303,-0.000942075,0.100984
304,0.00565141,0.0908865
305,-0.00127093,0.0964954
306,-0.00171772,0.0895265
307,0.00790914,0.0875964
308,0.0137467,0.105494
309,0.00357629,0.144953
310,-0.004,0.112715
311,0.00195969,0.10231
312,0.000773181,0.0914466
313,0.00073629,0.0863308
314,0.00308437,0.0843944
315,0.00557813,0.0864723
316,-0.00282723,0.0947327
317,0.00163026,0.0919802
318,-0.00489865,0.0870332
319,0.00522188,0.0961597
320,-0.00862163,0.0967718
321,0.0025569,0.117313
322,0.00122795,0.0985179
323,-0.00138453,0.0892861
324,-0.00461289,0.0869473
325,-0.0081301,0.0950073
326,0.000475704,0.114086
327,-0.0115062,0.0955618
328,-0.00255712,0.134309
329,0.00223633,0.107789
330,0.0042242,0.0940347
331,0.0015718,0.0928176
332,-0.00354006,0.0873016
333,0.00638274,0.0913581
334,0.0106006,0.0996003
335,-0.00437994,0.123758
336,0.00312015,0.108017
337,-0.000533542,0.0955832
338,0.000691088,0.0883391
339,0.00829181,0.0851352
340,-0.00859485,0.106731
341,-0.00295031,0.120255
342,-0.00276399,0.1025
343,0.0120709,0.0947899
344,0.010879,0.131371
345,0.0134108,0.135575
346,0.00179726,0.151682
347,0.00325739,0.113446
348,-0.000374436,0.0981033
349,0.00234953,0.0892121
350,-0.00735898,0.0868725
351,0.000152863,0.107565
352,0.00354513,0.0928295
353,0.00279661,0.0905781
354,0.0103578,0.0881392
355,0.00312913,0.119123
356,-0.0104767,0.100263
357,-0.00149231,0.129148
358,0.00610677,0.103642
359,0.0119882,0.102764
360,-0.00307553,0.133012
361,0.0077054,0.108346
362,0.00109438,0.1113
363,0.00341204,0.0944995
364,-0.00486001,0.0908892
365,-0.00368062,0.0972898
366,0.00405703,0.095375
367,-0.000148255,0.0928431
368,-0.0062017,0.0870094
369,-0.00569769,0.101849
370,-0.000415602,0.104511
371,-4.62388e-05,0.0918373
372,0.00111962,0.0865719
373,0.00721832,0.0846233
374,0.00282487,0.101218
375,0.00609137,0.0922853
376,0.00696792,0.0987041
377,-0.0127396,0.104609
378,-0.000365428,0.144647
379,-0.00837228,0.109762
380,-0.000333982,0.120053
381,-0.00922457,0.0984239
382,-0.01219,0.121211
383,0.00528263,0.145809
384,0.000187268,0.117282
385,0.0104456,0.0969876
386,0.00554511,0.122097
387,0.0028645,0.107889
388,0.000172296,0.0950522
389,-0.000539982,0.0877416
390,-0.0063636,0.0853484
391,-0.00101821,0.102111
392,0.00298233,0.0914295
393,0.00297346,0.0888155
394,-0.00270805,0.0878322
395,-0.000831079,0.0891549
396,-0.00882756,0.0861636
397,0.00604035,0.115463
398,-0.00305044,0.106981
399,-0.0156648,0.0972858
400,-0.0507923,0.162919
401,-0.0448,0.449779
402,0.026698,0.473818
403,-0.0296366,0.367176
404,0.0299904,0.343823
405,0.00641166,0.330854
406,0.0211331,0.215753
407,0.0140144,0.227477
408,0.00320732,0.190335
409,1.21544e-05,0.134388
410,0.00637179,0.104762
411,0.00891728,0.104224
412,0.000499708,0.11587
413,0.000939138,0.0963354
414,0.000237634,0.0882827
415,0.00547371,0.0851269
416,0.00370323,0.0938912
417,0.00022357,0.0913614
418,0.011654,0.0862979
419,0.000116321,0.126584
420,-0.00444149,0.10115
421,-0.00324152,0.0993488
422,0.00271563,0.0948373
423,0.00585092,0.0896004
424,-0.000244029,0.0968368
425,-0.00208291,0.0886248
426,0.00566822,0.0879791
427,0.00586659,0.09558
428,0.00169124,0.0989455
429,0.0093591,0.0898128
430,0.000614813,0.113842
431,-0.00538638,0.0954612
432,-0.00244022,0.100981
433,0.00687009,0.0934322
434,-0.00595286,0.102403
435,-0.00108929,0.105804
436,0.00639269,0.093022
437,0.000216498,0.100198
438,0.00144638,0.0897797
439,0.00162606,0.0860384
440,0.00110153,0.0848009
441,0.0030484,0.0839622
442,-0.000633902,0.0862432
443,0.0023522,0.0848797
444,0.00127566,0.0852907
445,0.00230995,0.0842438
446,-0.00386804,0.084997
447,0.00277568,0.0916505
448,-0.00465298,0.0885009
449,0.00107481,0.0956792
450,-0.00586328,0.0880802
451,-0.00194684,0.100622
452,-0.00190503,0.0922674
453,0.000114175,0.0889686
454,-0.00460015,0.0854183
455,0.00192499,0.0944547
456,0.00722017,0.0882937
457,-0.0043167,0.102355
458,0.00276979,0.0993571
459,-0.00120724,0.0914515
460,0.00551204,0.0874985
461,-3.39797e-05,0.0948217
462,-0.00186057,0.0877235
463,0.00540186,0.087202
464,0.00144458,0.0943091
465,0.0121844,0.0877736
466,-0.00386237,0.130321
467,0.00635482,0.10922
468,-0.00666801,0.1058
469,-0.00130985,0.110216
470,0.00513991,0.0951402
471,0.00217093,0.0961209
472,0.00232161,0.0892484
473,0.00119753,0.0868437
474,0.00416916,0.0847676
475,0.00845069,0.0893652
476,-0.00198268,0.108802
477,-0.00427427,0.0956349
478,0.00602706,0.0967527
479,6.57341e-05,0.0999851
480,-0.000448895,0.0897366
481,-0.00705445,0.0860208
482,0.0065616,0.105741
483,0.00157631,0.105354
484,0.00235971,0.0923124
485,-0.00695318,0.0880526
486,-0.000560504,0.105832
487,0.00373106,0.0924937
488,0.00198054,0.0909144
489,0.00190033,0.0870044
490,0.00130844,0.0854481
491,-0.0041821,0.0843237
492,0.00205501,0.0925304
493,0.00343383,0.0877114
494,0.0107051,0.0884433
495,0.00226921,0.121278
496,0.00130969,0.0998467
497,-0.00598269,0.089869
498,-0.00111221,0.101734
499,-0.00419008,0.0913921
500,-0.00320581,0.094957
501,0.000979134,0.0930924
502,-0.00869329,0.0870293
503,0.0067014,0.114927
504,0.00422948,0.109343
505,-0.000944385,0.0987165
506,0.0014325,0.0899829
507,0.0022855,0.0861044
508,-0.00185182,0.0856324
509,0.00779567,0.0864293
510,-0.00153919,0.104576
511,-0.000678847,0.0931461
512,-0.00880221,0.0875229
513,0.00138015,0.115687
514,0.00213698,0.0965447
515,-0.00123606,0.0893689
516,0.0010844,0.0867569
517,-0.000368606,0.0846739
518,0.00293397,0.0840804
519,-0.00394277,0.0860479
520,0.00765457,0.0922605
521,0.00161424,0.105675
522,0.00543694,0.0924776
523,0.0102039,0.0962396
524,-0.00198157,0.12048
525,0.00671289,0.100573
526,-0.00127574,0.104146
527,0.000474616,0.0925845
528,0.00686206,0.0867377
529,-0.00414518,0.100212
530,-0.00864987,0.0979726
531,0.00163223,0.11783
532,0.0010478,0.0976651
533,-0.00296648,0.0888534
534,0.00119823,0.0902069
535,-0.00868521,0.08603
536,0.00523504,0.114607
537,0.00249593,0.103833
538,0.00928102,0.092784
539,0.0066619,0.114271
540,0.00697041,0.108933
541,0.000849788,0.108232
542,0.00444431,0.0931117
543,0.00609678,0.0931313
544,0.000409916,0.0990132
545,-0.00439482,0.0892739
546,-0.00163754,0.0949668
547,0.00140084,0.0895069
548,0.00637179,0.0859004
549,-0.00423308,0.0977793
550,-0.00547937,0.0973819
551,0.010745,0.102031
552,0.0114189,0.125315
553,0.00119134,0.136532
554,-0.0105178,0.105843
555,-0.0112068,0.130997
556,-0.00237434,0.142959
557,-0.0128047,0.111396
558,-0.00471146,0.146891
559,0.00213288,0.119052
560,0.00125869,0.0987039
561,-0.000503267,0.0893787
562,0.00780377,0.08593
563,0.00849693,0.104467
564,0.000247647,0.113799
565,0.00274017,0.0954612
566,-0.00186372,0.0898835
567,-7.21691e-05,0.0880007
568,-0.00100033,0.0851293
569,0.00193793,0.0848789
570,-0.00452068,0.0847159
571,-0.00227835,0.0939195
572,-0.000321418,0.0903612
573,0.00140946,0.0861637
574,0.00491773,0.0846604
575,-0.00560147,0.0917226
576,0.0105463,0.10064
577,-0.00684296,0.123746
578,0.00919885,0.11756
579,0.00647562,0.121826
580,0.00604005,0.111132
581,-0.00318773,0.105306
582,0.00235887,0.0969892
583,-0.00187248,0.0898528
584,-0.000425612,0.0880062
585,0.00749228,0.085353
586,-0.000946094,0.102756
587,0.00203193,0.0916072
588,0.00530174,0.0873306
589,0.0117653,0.0939828
590,-0.00737683,0.129242
591,-0.000368305,0.122086
592,0.00791308,0.0993464
593,0.00159882,0.109217
594,-0.000335377,0.0939424
595,0.0046355,0.0875487
596,0.00533705,0.0917619
597,-0.000351719,0.0956265
598,-0.00392547,0.0882174
599,-0.00672175,0.0929402
600,0.00110528,0.106196
601,0.00118295,0.0923541
602,-0.000689886,0.0868421
603,0.000581546,0.085155
604,0.00575732,0.0839396
605,-0.00524507,0.0946079
606,0.00173173,0.100105
607,0.00508941,0.0903155
608,0.011437,0.0942441
609,-0.0025949,0.127278
610,0.00850507,0.104734
611,-0.00902877,0.113929
612,0.00587075,0.124958
613,0.0015803,0.110176
614,-0.00312444,0.0943316
615,0.0113706,0.0926319
616,-0.00667798,0.12644
617,0.00420167,0.117868
618,0.00264817,0.102134
619,0.00779842,0.0923441
620,0.0122775,0.106403
621,-0.00557401,0.135829
622,0.00561138,0.117208
623,-0.00017775,0.106136
624,-0.000393174,0.0923627
625,0.0117002,0.0869791
626,0.00374077,0.127044
627,0.00589209,0.104956
628,-0.0120511,0.102423
629,-0.0278796,0.1396
630,0.00796141,0.262883
631,-0.0146896,0.182822
632,-0.0124261,0.181735
633,-0.00348685,0.168316
634,0.0157881,0.125747
635,-0.0056342,0.16394
636,-0.00467585,0.129772
637,-0.00431772,0.111501
638,0.00549113,0.102862
639,0.00829115,0.100174
640,-0.00945489,0.111354
641,-0.0237923,0.126485
642,-0.0144934,0.228993
643,-0.00247319,0.198713
644,0.00717053,0.139091
645,0.0141292,0.120873
646,-0.013417,0.151682
647,-0.00048143,0.163115
648,0.0159642,0.11883
649,0.00462991,0.163253
650,0.0186362,0.123653
651,0.00672041,0.183033
652,-0.00869021,0.138992
653,0.0251689,0.13212
654,-0.000565686,0.233023
655,-0.000198029,0.155428
656,-0.00185047,0.114892
657,0.00257654,0.0979464
658,-0.00468621,0.0905673
659,0.00291261,0.0965041
660,0.00733817,0.0906034
661,-0.0055457,0.103637
662,-0.0105652,0.104511
663,-0.002012,0.130895
664,-0.0018247,0.105231
665,-0.00760221,0.0938886
666,-0.00547821,0.110937
667,0.00107487,0.106918
668,-0.0116422,0.0926412
669,0.016036,0.134444
670,-0.00125339,0.168055
671,-0.0142442,0.121916
672,0.0212813,0.159232
673,-0.0155631,0.21098
674,-0.00427096,0.197472
675,0.0036675,0.142001
676,-0.000613535,0.111529
677,0.00585718,0.0949296
678,0.00485013,0.098682
679,-0.0175599,0.0964428
680,0.0125645,0.176422
681,0.000677822,0.161579
682,0.00980587,0.117787
683,0.0010155,0.125073
684,0.00215222,0.100511
685,0.00244318,0.0909576
686,0.00135262,0.0876705
687,-0.00759632,0.0851764
688,-0.00159351,0.108331
689,-0.00683446,0.0947717
690,0.00342792,0.107329
691,-0.00399881,0.0959418
692,0.00268691,0.0959148
693,0.000849017,0.0899643
694,0.000356785,0.085785
695,-0.0141165,0.084177
696,0.00271448,0.149235
697,0.0046211,0.113288
698,0.0162418,0.101405
699,-0.00383689,0.16088
700,0.00603094,0.123023
701,0.00150441,0.109955
702,-0.0104924,0.0941779
703,-0.00355425,0.127575
704,0.00717254,0.107179
705,-0.000881785,0.108477
706,0.00311146,0.0938952
707,0.00654549,0.0900041
708,-0.00212952,0.0998514
709,-0.00223894,0.0923237
710,0.00126774,0.0896772
711,-0.00188791,0.0858719
712,0.016564,0.0865859
713,0.00249394,0.160023
714,-0.00263476,0.118218
715,0.00138852,0.100905
716,-0.0168482,0.090349
717,-0.00152673,0.170027
718,0.00249873,0.123203
719,5.72074e-05,0.101003
720,0.00289136,0.0901513
721,-0.00134001,0.0881613
722,0.00544406,0.0864623
723,0.00263542,0.0942202
724,-0.00719543,0.0892244
725,0.00583611,0.107416
726,0.0123083,0.103134
727,-0.00731413,0.135106
728,0.00909473,0.12408
729,0.00425698,0.123624
730,0.00824827,0.10471
731,0.00332439,0.112642
732,-0.000944831,0.0979045
733,-0.00266481,0.0896616
734,-0.000966597,0.0897019
735,0.00196907,0.0865255
736,0.000872861,0.0853548
737,-0.00189366,0.0840699
738,0.00305014,0.0859548
739,-0.00351032,0.0869545
740,-0.00172296,0.0911443
741,-0.000978013,0.0882076
742,-0.00565579,0.0859816
743,-0.00209084,0.0990288
744,-0.00271061,0.0919239
745,0.000643341,0.0906423
746,0.00143453,0.0860005
747,0.000455944,0.0846199
748,0.00632528,0.0837413
749,0.00353468,0.0968982
750,0.00290703,0.092083
751,-0.000735145,0.0889114
752,-0.00790936,0.0859702
753,0.00296984,0.110247
754,-0.00321074,0.0962163
755,-0.00307245,0.0935733
756,0.00692046,0.0922081
757,-4.89578e-05,0.102227
