lag,acf_returns,acf_squared_returns
1,0.0055778,0.524474
2,0.0715798,0.299666
3,-0.00734085,0.289794
4,-0.0352384,0.186807
5,0.00473791,0.0732002
6,-0.0686942,0.0640372
7,-0.101456,0.0373469
8,-0.0173784,-0.0128663
9,-0.0546226,-0.00835856
10,-0.0120916,-0.00177605
11,0.000730649,-0.00612451
12,0.0176586,0.0110245
13,-0.0171841,-0.0339211
14,0.0065301,-0.00648527
15,-0.0276181,-0.0104477
16,-0.0518332,0.00911373
17,-0.0550373,-0.00277671
18,-0.0486769,0.0285178
19,0.049822,0.0419714
20,0.0117882,-0.00379754
